year,revenue,net_profit,operating_cf,total_assets,total_debt,financial_expense,debt_ratio,cf_ratio,fin_cost_rate,asset_turnover,net_profit_margin,revenue_growth,reit_dummy
2019,337.87,37.05,40.65,1980.61,1580.0,25.0,79.773403143476,12.031254624559741,1.5822784810126582,0.1705888589878876,10.965756060023086,,0
2020,384.45,-3.87,98.14,2100.0,1507.0,28.0,71.76190476190476,25.527376772011966,1.85799601857996,0.18307142857142858,-1.0066328521264145,13.786367537810396,0
2021,426.14,1.08,71.0,2200.0,1661.0,30.0,75.5,16.661191157835454,1.8061408789885613,0.19369999999999998,0.25343783733045483,10.844062947067235,0
2022,395.79,-28.83,27.1,2300.0,1767.0,35.0,76.82608695652175,6.847065362944996,1.9807583474816073,0.17208260869565217,-7.28416584552414,-7.122072558314163,0
2023,367.83,-14.65,106.42,2400.0,1848.0,40.0,77.0,28.931843514667104,2.1645021645021645,0.1532625,-3.982818149688715,-7.064352308042155,0
2024,357.91,-29.77,66.17,2500.0,2000.0,45.0,80.0,18.48788801654047,2.25,0.143164,-8.317733508423904,-2.6968980235434703,1
