model,did_coefficient,p_value,significant
净利润率效应,-4.053424459213377,0.21331182855017664,否
经营现金流效应,0.24407086506830833,0.9534065919966765,否
资产效率效应,-0.022717676513773363,0.2205804998283606,否
